{
    "docx": {
        "secciones": [
            {
                "fotos": [
                    {
                        "numero": "1.1",
                        "descripcion": "Modificada_2222222",
                        "Info": "Limpiando Biometrico"
                    },
                    {
                        "numero": "1.1.2",
                        "descripcion": "Modificada",
                        "Info": "Limpiando contacto magnetico"
                    },
                    {
                        "numero": "1.2",
                        "descripcion": "Modificada",
                        "Info": "Biometrico funcionando"
                    },
                    {
                        "numero": "1.2",
                        "descripcion": "Modificada",
                        "Info": "Biometrico funcionando"
                    },
                    {
                        "numero": "1.3",
                        "descripcion": "Modificacion por app",
                        "Info": "Modificacion por app"
                    }
                ]
            }
        ]
    }
}